hour,n,actual_avg,pred_avg,MAE,RMSE,bias
6,102,5.07,4.43,2.606,3.55,-0.641
7,223,7.37,5.64,3.553,4.688,-1.735
8,220,8.43,6.83,3.69,4.733,-1.593
9,220,10.14,8.13,3.859,4.998,-2.006
10,220,11.56,8.61,4.883,6.882,-2.952
11,179,7.98,5.86,3.867,4.948,-2.118
12,180,7.61,5.5,3.581,4.683,-2.106
13,205,7.87,5.31,4.045,5.51,-2.567
14,220,8.35,6.16,3.355,4.357,-2.189
15,220,11.51,8.02,4.334,5.433,-3.492
16,220,13.97,10.17,4.747,6.317,-3.806
17,220,13.1,9.15,4.716,6.141,-3.951
18,96,7.06,5.87,3.298,4.296,-1.19
